label,path,time,current_time
Delate-删除的,D:\360安全浏览器下载\speech-emotion-recognition-master\speech-emotion-recognition-master\dataset\0926\1_5音频\cut_result1c5_20180525_math_3\cut_result1c5_20180525_math_3-0.wav,10.0,0
Delate-删除的,D:\360安全浏览器下载\speech-emotion-recognition-master\speech-emotion-recognition-master\dataset\0926\1_5音频\cut_result1c5_20180525_math_3\cut_result1c5_20180525_math_3-1.wav,10.0,10.0
Delate-删除的,D:\360安全浏览器下载\speech-emotion-recognition-master\speech-emotion-recognition-master\dataset\0926\1_5音频\cut_result1c5_20180525_math_3\cut_result1c5_20180525_math_3-2.wav,10.0,20.0
Delate-删除的,D:\360安全浏览器下载\speech-emotion-recognition-master\speech-emotion-recognition-master\dataset\0926\1_5音频\cut_result1c5_20180525_math_3\cut_result1c5_20180525_math_3-3.wav,10.0,30.0
Delate-删除的,D:\360安全浏览器下载\speech-emotion-recognition-master\speech-emotion-recognition-master\dataset\0926\1_5音频\cut_result1c5_20180525_math_3\cut_result1c5_20180525_math_3-4.wav,10.0,40.0
Delate-删除的,D:\360安全浏览器下载\speech-emotion-recognition-master\speech-emotion-recognition-master\dataset\0926\1_5音频\cut_result1c5_20180525_math_3\cut_result1c5_20180525_math_3-5.wav,10.0,50.0
Delate-删除的,D:\360安全浏览器下载\speech-emotion-recognition-master\speech-emotion-recognition-master\dataset\0926\1_5音频\cut_result1c5_20180525_math_3\cut_result1c5_20180525_math_3-6.wav,10.0,60.0
Delate-删除的,D:\360安全浏览器下载\speech-emotion-recognition-master\speech-emotion-recognition-master\dataset\0926\1_5音频\cut_result1c5_20180525_math_3\cut_result1c5_20180525_math_3-7.wav,10.0,70.0
fear-恐惧担忧,D:\360安全浏览器下载\speech-emotion-recognition-master\speech-emotion-recognition-master\dataset\0926\1_5音频\cut_result1c5_20180525_math_3\cut_result1c5_20180525_math_3-8.wav,10.0,80.0
fear-恐惧担忧,D:\360安全浏览器下载\speech-emotion-recognition-master\speech-emotion-recognition-master\dataset\0926\1_5音频\cut_result1c5_20180525_math_3\cut_result1c5_20180525_math_3-9.wav,10.0,90.0
TS-师生互动,D:\360安全浏览器下载\speech-emotion-recognition-master\speech-emotion-recognition-master\dataset\0926\1_5音频\cut_result1c5_20180525_math_3\cut_result1c5_20180525_math_3-10.wav,10.0,100.0
happy-喜悦,D:\360安全浏览器下载\speech-emotion-recognition-master\speech-emotion-recognition-master\dataset\0926\1_5音频\cut_result1c5_20180525_math_3\cut_result1c5_20180525_math_3-11.wav,10.0,110.0
fear-恐惧担忧,D:\360安全浏览器下载\speech-emotion-recognition-master\speech-emotion-recognition-master\dataset\0926\1_5音频\cut_result1c5_20180525_math_3\cut_result1c5_20180525_math_3-12.wav,10.0,120.0
happy-喜悦,D:\360安全浏览器下载\speech-emotion-recognition-master\speech-emotion-recognition-master\dataset\0926\1_5音频\cut_result1c5_20180525_math_3\cut_result1c5_20180525_math_3-13.wav,10.0,130.0
happy-喜悦,D:\360安全浏览器下载\speech-emotion-recognition-master\speech-emotion-recognition-master\dataset\0926\1_5音频\cut_result1c5_20180525_math_3\cut_result1c5_20180525_math_3-14.wav,10.0,140.0
happy-喜悦,D:\360安全浏览器下载\speech-emotion-recognition-master\speech-emotion-recognition-master\dataset\0926\1_5音频\cut_result1c5_20180525_math_3\cut_result1c5_20180525_math_3-15.wav,10.0,150.0
disgust-厌恶蔑视,D:\360安全浏览器下载\speech-emotion-recognition-master\speech-emotion-recognition-master\dataset\0926\1_5音频\cut_result1c5_20180525_math_3\cut_result1c5_20180525_math_3-16.wav,10.0,160.0
happy-喜悦,D:\360安全浏览器下载\speech-emotion-recognition-master\speech-emotion-recognition-master\dataset\0926\1_5音频\cut_result1c5_20180525_math_3\cut_result1c5_20180525_math_3-17.wav,10.0,170.0
happy-喜悦,D:\360安全浏览器下载\speech-emotion-recognition-master\speech-emotion-recognition-master\dataset\0926\1_5音频\cut_result1c5_20180525_math_3\cut_result1c5_20180525_math_3-18.wav,10.0,180.0
happy-喜悦,D:\360安全浏览器下载\speech-emotion-recognition-master\speech-emotion-recognition-master\dataset\0926\1_5音频\cut_result1c5_20180525_math_3\cut_result1c5_20180525_math_3-19.wav,10.0,190.0
surprised-惊讶,D:\360安全浏览器下载\speech-emotion-recognition-master\speech-emotion-recognition-master\dataset\0926\1_5音频\cut_result1c5_20180525_math_3\cut_result1c5_20180525_math_3-20.wav,10.0,200.0
disgust-厌恶蔑视,D:\360安全浏览器下载\speech-emotion-recognition-master\speech-emotion-recognition-master\dataset\0926\1_5音频\cut_result1c5_20180525_math_3\cut_result1c5_20180525_math_3-21.wav,10.0,210.0
sad-悲伤,D:\360安全浏览器下载\speech-emotion-recognition-master\speech-emotion-recognition-master\dataset\0926\1_5音频\cut_result1c5_20180525_math_3\cut_result1c5_20180525_math_3-22.wav,10.0,220.0
disgust-厌恶蔑视,D:\360安全浏览器下载\speech-emotion-recognition-master\speech-emotion-recognition-master\dataset\0926\1_5音频\cut_result1c5_20180525_math_3\cut_result1c5_20180525_math_3-23.wav,10.0,230.0
TS-师生互动,D:\360安全浏览器下载\speech-emotion-recognition-master\speech-emotion-recognition-master\dataset\0926\1_5音频\cut_result1c5_20180525_math_3\cut_result1c5_20180525_math_3-24.wav,10.0,240.0
happy-喜悦,D:\360安全浏览器下载\speech-emotion-recognition-master\speech-emotion-recognition-master\dataset\0926\1_5音频\cut_result1c5_20180525_math_3\cut_result1c5_20180525_math_3-25.wav,10.0,250.0
TS-师生互动,D:\360安全浏览器下载\speech-emotion-recognition-master\speech-emotion-recognition-master\dataset\0926\1_5音频\cut_result1c5_20180525_math_3\cut_result1c5_20180525_math_3-26.wav,10.0,260.0
TS-师生互动,D:\360安全浏览器下载\speech-emotion-recognition-master\speech-emotion-recognition-master\dataset\0926\1_5音频\cut_result1c5_20180525_math_3\cut_result1c5_20180525_math_3-27.wav,10.0,270.0
TS-师生互动,D:\360安全浏览器下载\speech-emotion-recognition-master\speech-emotion-recognition-master\dataset\0926\1_5音频\cut_result1c5_20180525_math_3\cut_result1c5_20180525_math_3-28.wav,10.0,280.0
TS-师生互动,D:\360安全浏览器下载\speech-emotion-recognition-master\speech-emotion-recognition-master\dataset\0926\1_5音频\cut_result1c5_20180525_math_3\cut_result1c5_20180525_math_3-29.wav,10.0,290.0
happy-喜悦,D:\360安全浏览器下载\speech-emotion-recognition-master\speech-emotion-recognition-master\dataset\0926\1_5音频\cut_result1c5_20180525_math_3\cut_result1c5_20180525_math_3-30.wav,10.0,300.0
fear-恐惧担忧,D:\360安全浏览器下载\speech-emotion-recognition-master\speech-emotion-recognition-master\dataset\0926\1_5音频\cut_result1c5_20180525_math_3\cut_result1c5_20180525_math_3-31.wav,10.0,310.0
happy-喜悦,D:\360安全浏览器下载\speech-emotion-recognition-master\speech-emotion-recognition-master\dataset\0926\1_5音频\cut_result1c5_20180525_math_3\cut_result1c5_20180525_math_3-32.wav,10.0,320.0
surprised-惊讶,D:\360安全浏览器下载\speech-emotion-recognition-master\speech-emotion-recognition-master\dataset\0926\1_5音频\cut_result1c5_20180525_math_3\cut_result1c5_20180525_math_3-33.wav,10.0,330.0
surprised-惊讶,D:\360安全浏览器下载\speech-emotion-recognition-master\speech-emotion-recognition-master\dataset\0926\1_5音频\cut_result1c5_20180525_math_3\cut_result1c5_20180525_math_3-34.wav,10.0,340.0
happy-喜悦,D:\360安全浏览器下载\speech-emotion-recognition-master\speech-emotion-recognition-master\dataset\0926\1_5音频\cut_result1c5_20180525_math_3\cut_result1c5_20180525_math_3-35.wav,10.0,350.0
Delate-删除的,D:\360安全浏览器下载\speech-emotion-recognition-master\speech-emotion-recognition-master\dataset\0926\1_5音频\cut_result1c5_20180525_math_3\cut_result1c5_20180525_math_3-36.wav,10.0,360.0
Delate-删除的,D:\360安全浏览器下载\speech-emotion-recognition-master\speech-emotion-recognition-master\dataset\0926\1_5音频\cut_result1c5_20180525_math_3\cut_result1c5_20180525_math_3-37.wav,10.0,370.0
happy-喜悦,D:\360安全浏览器下载\speech-emotion-recognition-master\speech-emotion-recognition-master\dataset\0926\1_5音频\cut_result1c5_20180525_math_3\cut_result1c5_20180525_math_3-38.wav,10.0,380.0
Delate-删除的,D:\360安全浏览器下载\speech-emotion-recognition-master\speech-emotion-recognition-master\dataset\0926\1_5音频\cut_result1c5_20180525_math_3\cut_result1c5_20180525_math_3-39.wav,10.0,390.0
Delate-删除的,D:\360安全浏览器下载\speech-emotion-recognition-master\speech-emotion-recognition-master\dataset\0926\1_5音频\cut_result1c5_20180525_math_3\cut_result1c5_20180525_math_3-40.wav,10.0,400.0
Delate-删除的,D:\360安全浏览器下载\speech-emotion-recognition-master\speech-emotion-recognition-master\dataset\0926\1_5音频\cut_result1c5_20180525_math_3\cut_result1c5_20180525_math_3-41.wav,10.0,410.0
Delate-删除的,D:\360安全浏览器下载\speech-emotion-recognition-master\speech-emotion-recognition-master\dataset\0926\1_5音频\cut_result1c5_20180525_math_3\cut_result1c5_20180525_math_3-42.wav,10.0,420.0
Delate-删除的,D:\360安全浏览器下载\speech-emotion-recognition-master\speech-emotion-recognition-master\dataset\0926\1_5音频\cut_result1c5_20180525_math_3\cut_result1c5_20180525_math_3-43.wav,10.0,430.0
Delate-删除的,D:\360安全浏览器下载\speech-emotion-recognition-master\speech-emotion-recognition-master\dataset\0926\1_5音频\cut_result1c5_20180525_math_3\cut_result1c5_20180525_math_3-44.wav,10.0,440.0
Delate-删除的,D:\360安全浏览器下载\speech-emotion-recognition-master\speech-emotion-recognition-master\dataset\0926\1_5音频\cut_result1c5_20180525_math_3\cut_result1c5_20180525_math_3-45.wav,10.0,450.0
happy-喜悦,D:\360安全浏览器下载\speech-emotion-recognition-master\speech-emotion-recognition-master\dataset\0926\1_5音频\cut_result1c5_20180525_math_3\cut_result1c5_20180525_math_3-46.wav,10.0,460.0
happy-喜悦,D:\360安全浏览器下载\speech-emotion-recognition-master\speech-emotion-recognition-master\dataset\0926\1_5音频\cut_result1c5_20180525_math_3\cut_result1c5_20180525_math_3-47.wav,10.0,470.0
Delate-删除的,D:\360安全浏览器下载\speech-emotion-recognition-master\speech-emotion-recognition-master\dataset\0926\1_5音频\cut_result1c5_20180525_math_3\cut_result1c5_20180525_math_3-48.wav,10.0,480.0
disgust-厌恶蔑视,D:\360安全浏览器下载\speech-emotion-recognition-master\speech-emotion-recognition-master\dataset\0926\1_5音频\cut_result1c5_20180525_math_3\cut_result1c5_20180525_math_3-49.wav,10.0,490.0
happy-喜悦,D:\360安全浏览器下载\speech-emotion-recognition-master\speech-emotion-recognition-master\dataset\0926\1_5音频\cut_result1c5_20180525_math_3\cut_result1c5_20180525_math_3-50.wav,10.0,500.0
Delate-删除的,D:\360安全浏览器下载\speech-emotion-recognition-master\speech-emotion-recognition-master\dataset\0926\1_5音频\cut_result1c5_20180525_math_3\cut_result1c5_20180525_math_3-51.wav,10.0,510.0
happy-喜悦,D:\360安全浏览器下载\speech-emotion-recognition-master\speech-emotion-recognition-master\dataset\0926\1_5音频\cut_result1c5_20180525_math_3\cut_result1c5_20180525_math_3-52.wav,10.0,520.0
Delate-删除的,D:\360安全浏览器下载\speech-emotion-recognition-master\speech-emotion-recognition-master\dataset\0926\1_5音频\cut_result1c5_20180525_math_3\cut_result1c5_20180525_math_3-53.wav,10.0,530.0
happy-喜悦,D:\360安全浏览器下载\speech-emotion-recognition-master\speech-emotion-recognition-master\dataset\0926\1_5音频\cut_result1c5_20180525_math_3\cut_result1c5_20180525_math_3-54.wav,10.0,540.0
Delate-删除的,D:\360安全浏览器下载\speech-emotion-recognition-master\speech-emotion-recognition-master\dataset\0926\1_5音频\cut_result1c5_20180525_math_3\cut_result1c5_20180525_math_3-55.wav,10.0,550.0
Delate-删除的,D:\360安全浏览器下载\speech-emotion-recognition-master\speech-emotion-recognition-master\dataset\0926\1_5音频\cut_result1c5_20180525_math_3\cut_result1c5_20180525_math_3-56.wav,10.0,560.0
Delate-删除的,D:\360安全浏览器下载\speech-emotion-recognition-master\speech-emotion-recognition-master\dataset\0926\1_5音频\cut_result1c5_20180525_math_3\cut_result1c5_20180525_math_3-57.wav,10.0,570.0
Delate-删除的,D:\360安全浏览器下载\speech-emotion-recognition-master\speech-emotion-recognition-master\dataset\0926\1_5音频\cut_result1c5_20180525_math_3\cut_result1c5_20180525_math_3-58.wav,10.0,580.0
Delate-删除的,D:\360安全浏览器下载\speech-emotion-recognition-master\speech-emotion-recognition-master\dataset\0926\1_5音频\cut_result1c5_20180525_math_3\cut_result1c5_20180525_math_3-59.wav,10.0,590.0
TS-师生互动,D:\360安全浏览器下载\speech-emotion-recognition-master\speech-emotion-recognition-master\dataset\0926\1_5音频\cut_result1c5_20180525_math_3\cut_result1c5_20180525_math_3-60.wav,10.0,600.0
TS-师生互动,D:\360安全浏览器下载\speech-emotion-recognition-master\speech-emotion-recognition-master\dataset\0926\1_5音频\cut_result1c5_20180525_math_3\cut_result1c5_20180525_math_3-61.wav,10.0,610.0
surprised-惊讶,D:\360安全浏览器下载\speech-emotion-recognition-master\speech-emotion-recognition-master\dataset\0926\1_5音频\cut_result1c5_20180525_math_3\cut_result1c5_20180525_math_3-62.wav,10.0,620.0
TS-师生互动,D:\360安全浏览器下载\speech-emotion-recognition-master\speech-emotion-recognition-master\dataset\0926\1_5音频\cut_result1c5_20180525_math_3\cut_result1c5_20180525_math_3-63.wav,10.0,630.0
happy-喜悦,D:\360安全浏览器下载\speech-emotion-recognition-master\speech-emotion-recognition-master\dataset\0926\1_5音频\cut_result1c5_20180525_math_3\cut_result1c5_20180525_math_3-64.wav,10.0,640.0
happy-喜悦,D:\360安全浏览器下载\speech-emotion-recognition-master\speech-emotion-recognition-master\dataset\0926\1_5音频\cut_result1c5_20180525_math_3\cut_result1c5_20180525_math_3-65.wav,10.0,650.0
happy-喜悦,D:\360安全浏览器下载\speech-emotion-recognition-master\speech-emotion-recognition-master\dataset\0926\1_5音频\cut_result1c5_20180525_math_3\cut_result1c5_20180525_math_3-66.wav,10.0,660.0
happy-喜悦,D:\360安全浏览器下载\speech-emotion-recognition-master\speech-emotion-recognition-master\dataset\0926\1_5音频\cut_result1c5_20180525_math_3\cut_result1c5_20180525_math_3-67.wav,10.0,670.0
happy-喜悦,D:\360安全浏览器下载\speech-emotion-recognition-master\speech-emotion-recognition-master\dataset\0926\1_5音频\cut_result1c5_20180525_math_3\cut_result1c5_20180525_math_3-68.wav,10.0,680.0
happy-喜悦,D:\360安全浏览器下载\speech-emotion-recognition-master\speech-emotion-recognition-master\dataset\0926\1_5音频\cut_result1c5_20180525_math_3\cut_result1c5_20180525_math_3-69.wav,10.0,690.0
TS-师生互动,D:\360安全浏览器下载\speech-emotion-recognition-master\speech-emotion-recognition-master\dataset\0926\1_5音频\cut_result1c5_20180525_math_3\cut_result1c5_20180525_math_3-70.wav,10.0,700.0
TS-师生互动,D:\360安全浏览器下载\speech-emotion-recognition-master\speech-emotion-recognition-master\dataset\0926\1_5音频\cut_result1c5_20180525_math_3\cut_result1c5_20180525_math_3-71.wav,10.0,710.0
happy-喜悦,D:\360安全浏览器下载\speech-emotion-recognition-master\speech-emotion-recognition-master\dataset\0926\1_5音频\cut_result1c5_20180525_math_3\cut_result1c5_20180525_math_3-72.wav,10.0,720.0
happy-喜悦,D:\360安全浏览器下载\speech-emotion-recognition-master\speech-emotion-recognition-master\dataset\0926\1_5音频\cut_result1c5_20180525_math_3\cut_result1c5_20180525_math_3-73.wav,10.0,730.0
happy-喜悦,D:\360安全浏览器下载\speech-emotion-recognition-master\speech-emotion-recognition-master\dataset\0926\1_5音频\cut_result1c5_20180525_math_3\cut_result1c5_20180525_math_3-74.wav,10.0,740.0
happy-喜悦,D:\360安全浏览器下载\speech-emotion-recognition-master\speech-emotion-recognition-master\dataset\0926\1_5音频\cut_result1c5_20180525_math_3\cut_result1c5_20180525_math_3-75.wav,10.0,750.0
happy-喜悦,D:\360安全浏览器下载\speech-emotion-recognition-master\speech-emotion-recognition-master\dataset\0926\1_5音频\cut_result1c5_20180525_math_3\cut_result1c5_20180525_math_3-76.wav,10.0,760.0
TS-师生互动,D:\360安全浏览器下载\speech-emotion-recognition-master\speech-emotion-recognition-master\dataset\0926\1_5音频\cut_result1c5_20180525_math_3\cut_result1c5_20180525_math_3-77.wav,10.0,770.0
TS-师生互动,D:\360安全浏览器下载\speech-emotion-recognition-master\speech-emotion-recognition-master\dataset\0926\1_5音频\cut_result1c5_20180525_math_3\cut_result1c5_20180525_math_3-78.wav,10.0,780.0
TS-师生互动,D:\360安全浏览器下载\speech-emotion-recognition-master\speech-emotion-recognition-master\dataset\0926\1_5音频\cut_result1c5_20180525_math_3\cut_result1c5_20180525_math_3-79.wav,10.0,790.0
TS-师生互动,D:\360安全浏览器下载\speech-emotion-recognition-master\speech-emotion-recognition-master\dataset\0926\1_5音频\cut_result1c5_20180525_math_3\cut_result1c5_20180525_math_3-80.wav,10.0,800.0
happy-喜悦,D:\360安全浏览器下载\speech-emotion-recognition-master\speech-emotion-recognition-master\dataset\0926\1_5音频\cut_result1c5_20180525_math_3\cut_result1c5_20180525_math_3-81.wav,10.0,810.0
TS-师生互动,D:\360安全浏览器下载\speech-emotion-recognition-master\speech-emotion-recognition-master\dataset\0926\1_5音频\cut_result1c5_20180525_math_3\cut_result1c5_20180525_math_3-82.wav,10.0,820.0
TS-师生互动,D:\360安全浏览器下载\speech-emotion-recognition-master\speech-emotion-recognition-master\dataset\0926\1_5音频\cut_result1c5_20180525_math_3\cut_result1c5_20180525_math_3-83.wav,10.0,830.0
happy-喜悦,D:\360安全浏览器下载\speech-emotion-recognition-master\speech-emotion-recognition-master\dataset\0926\1_5音频\cut_result1c5_20180525_math_3\cut_result1c5_20180525_math_3-84.wav,10.0,840.0
happy-喜悦,D:\360安全浏览器下载\speech-emotion-recognition-master\speech-emotion-recognition-master\dataset\0926\1_5音频\cut_result1c5_20180525_math_3\cut_result1c5_20180525_math_3-85.wav,10.0,850.0
TS-师生互动,D:\360安全浏览器下载\speech-emotion-recognition-master\speech-emotion-recognition-master\dataset\0926\1_5音频\cut_result1c5_20180525_math_3\cut_result1c5_20180525_math_3-86.wav,10.0,860.0
happy-喜悦,D:\360安全浏览器下载\speech-emotion-recognition-master\speech-emotion-recognition-master\dataset\0926\1_5音频\cut_result1c5_20180525_math_3\cut_result1c5_20180525_math_3-87.wav,10.0,870.0
happy-喜悦,D:\360安全浏览器下载\speech-emotion-recognition-master\speech-emotion-recognition-master\dataset\0926\1_5音频\cut_result1c5_20180525_math_3\cut_result1c5_20180525_math_3-88.wav,10.0,880.0
happy-喜悦,D:\360安全浏览器下载\speech-emotion-recognition-master\speech-emotion-recognition-master\dataset\0926\1_5音频\cut_result1c5_20180525_math_3\cut_result1c5_20180525_math_3-89.wav,10.0,890.0
happy-喜悦,D:\360安全浏览器下载\speech-emotion-recognition-master\speech-emotion-recognition-master\dataset\0926\1_5音频\cut_result1c5_20180525_math_3\cut_result1c5_20180525_math_3-90.wav,10.0,900.0
happy-喜悦,D:\360安全浏览器下载\speech-emotion-recognition-master\speech-emotion-recognition-master\dataset\0926\1_5音频\cut_result1c5_20180525_math_3\cut_result1c5_20180525_math_3-91.wav,10.0,910.0
happy-喜悦,D:\360安全浏览器下载\speech-emotion-recognition-master\speech-emotion-recognition-master\dataset\0926\1_5音频\cut_result1c5_20180525_math_3\cut_result1c5_20180525_math_3-92.wav,10.0,920.0
happy-喜悦,D:\360安全浏览器下载\speech-emotion-recognition-master\speech-emotion-recognition-master\dataset\0926\1_5音频\cut_result1c5_20180525_math_3\cut_result1c5_20180525_math_3-93.wav,10.0,930.0
happy-喜悦,D:\360安全浏览器下载\speech-emotion-recognition-master\speech-emotion-recognition-master\dataset\0926\1_5音频\cut_result1c5_20180525_math_3\cut_result1c5_20180525_math_3-94.wav,10.0,940.0
happy-喜悦,D:\360安全浏览器下载\speech-emotion-recognition-master\speech-emotion-recognition-master\dataset\0926\1_5音频\cut_result1c5_20180525_math_3\cut_result1c5_20180525_math_3-95.wav,10.0,950.0
happy-喜悦,D:\360安全浏览器下载\speech-emotion-recognition-master\speech-emotion-recognition-master\dataset\0926\1_5音频\cut_result1c5_20180525_math_3\cut_result1c5_20180525_math_3-96.wav,10.0,960.0
happy-喜悦,D:\360安全浏览器下载\speech-emotion-recognition-master\speech-emotion-recognition-master\dataset\0926\1_5音频\cut_result1c5_20180525_math_3\cut_result1c5_20180525_math_3-97.wav,10.0,970.0
happy-喜悦,D:\360安全浏览器下载\speech-emotion-recognition-master\speech-emotion-recognition-master\dataset\0926\1_5音频\cut_result1c5_20180525_math_3\cut_result1c5_20180525_math_3-98.wav,10.0,980.0
happy-喜悦,D:\360安全浏览器下载\speech-emotion-recognition-master\speech-emotion-recognition-master\dataset\0926\1_5音频\cut_result1c5_20180525_math_3\cut_result1c5_20180525_math_3-99.wav,10.0,990.0
disgust-厌恶蔑视,D:\360安全浏览器下载\speech-emotion-recognition-master\speech-emotion-recognition-master\dataset\0926\1_5音频\cut_result1c5_20180525_math_3\cut_result1c5_20180525_math_3-100.wav,10.0,1000.0
Delate-删除的,D:\360安全浏览器下载\speech-emotion-recognition-master\speech-emotion-recognition-master\dataset\0926\1_5音频\cut_result1c5_20180525_math_3\cut_result1c5_20180525_math_3-101.wav,10.0,1010.0
happy-喜悦,D:\360安全浏览器下载\speech-emotion-recognition-master\speech-emotion-recognition-master\dataset\0926\1_5音频\cut_result1c5_20180525_math_3\cut_result1c5_20180525_math_3-102.wav,10.0,1020.0
happy-喜悦,D:\360安全浏览器下载\speech-emotion-recognition-master\speech-emotion-recognition-master\dataset\0926\1_5音频\cut_result1c5_20180525_math_3\cut_result1c5_20180525_math_3-103.wav,10.0,1030.0
Delate-删除的,D:\360安全浏览器下载\speech-emotion-recognition-master\speech-emotion-recognition-master\dataset\0926\1_5音频\cut_result1c5_20180525_math_3\cut_result1c5_20180525_math_3-104.wav,10.0,1040.0
happy-喜悦,D:\360安全浏览器下载\speech-emotion-recognition-master\speech-emotion-recognition-master\dataset\0926\1_5音频\cut_result1c5_20180525_math_3\cut_result1c5_20180525_math_3-105.wav,10.0,1050.0
happy-喜悦,D:\360安全浏览器下载\speech-emotion-recognition-master\speech-emotion-recognition-master\dataset\0926\1_5音频\cut_result1c5_20180525_math_3\cut_result1c5_20180525_math_3-106.wav,10.0,1060.0
happy-喜悦,D:\360安全浏览器下载\speech-emotion-recognition-master\speech-emotion-recognition-master\dataset\0926\1_5音频\cut_result1c5_20180525_math_3\cut_result1c5_20180525_math_3-107.wav,10.0,1070.0
happy-喜悦,D:\360安全浏览器下载\speech-emotion-recognition-master\speech-emotion-recognition-master\dataset\0926\1_5音频\cut_result1c5_20180525_math_3\cut_result1c5_20180525_math_3-108.wav,10.0,1080.0
happy-喜悦,D:\360安全浏览器下载\speech-emotion-recognition-master\speech-emotion-recognition-master\dataset\0926\1_5音频\cut_result1c5_20180525_math_3\cut_result1c5_20180525_math_3-109.wav,10.0,1090.0
happy-喜悦,D:\360安全浏览器下载\speech-emotion-recognition-master\speech-emotion-recognition-master\dataset\0926\1_5音频\cut_result1c5_20180525_math_3\cut_result1c5_20180525_math_3-110.wav,10.0,1100.0
happy-喜悦,D:\360安全浏览器下载\speech-emotion-recognition-master\speech-emotion-recognition-master\dataset\0926\1_5音频\cut_result1c5_20180525_math_3\cut_result1c5_20180525_math_3-111.wav,10.0,1110.0
happy-喜悦,D:\360安全浏览器下载\speech-emotion-recognition-master\speech-emotion-recognition-master\dataset\0926\1_5音频\cut_result1c5_20180525_math_3\cut_result1c5_20180525_math_3-112.wav,10.0,1120.0
happy-喜悦,D:\360安全浏览器下载\speech-emotion-recognition-master\speech-emotion-recognition-master\dataset\0926\1_5音频\cut_result1c5_20180525_math_3\cut_result1c5_20180525_math_3-113.wav,10.0,1130.0
happy-喜悦,D:\360安全浏览器下载\speech-emotion-recognition-master\speech-emotion-recognition-master\dataset\0926\1_5音频\cut_result1c5_20180525_math_3\cut_result1c5_20180525_math_3-114.wav,10.0,1140.0
happy-喜悦,D:\360安全浏览器下载\speech-emotion-recognition-master\speech-emotion-recognition-master\dataset\0926\1_5音频\cut_result1c5_20180525_math_3\cut_result1c5_20180525_math_3-115.wav,10.0,1150.0
TS-师生互动,D:\360安全浏览器下载\speech-emotion-recognition-master\speech-emotion-recognition-master\dataset\0926\1_5音频\cut_result1c5_20180525_math_3\cut_result1c5_20180525_math_3-116.wav,10.0,1160.0
happy-喜悦,D:\360安全浏览器下载\speech-emotion-recognition-master\speech-emotion-recognition-master\dataset\0926\1_5音频\cut_result1c5_20180525_math_3\cut_result1c5_20180525_math_3-117.wav,10.0,1170.0
happy-喜悦,D:\360安全浏览器下载\speech-emotion-recognition-master\speech-emotion-recognition-master\dataset\0926\1_5音频\cut_result1c5_20180525_math_3\cut_result1c5_20180525_math_3-118.wav,10.0,1180.0
happy-喜悦,D:\360安全浏览器下载\speech-emotion-recognition-master\speech-emotion-recognition-master\dataset\0926\1_5音频\cut_result1c5_20180525_math_3\cut_result1c5_20180525_math_3-119.wav,10.0,1190.0
happy-喜悦,D:\360安全浏览器下载\speech-emotion-recognition-master\speech-emotion-recognition-master\dataset\0926\1_5音频\cut_result1c5_20180525_math_3\cut_result1c5_20180525_math_3-120.wav,10.0,1200.0
happy-喜悦,D:\360安全浏览器下载\speech-emotion-recognition-master\speech-emotion-recognition-master\dataset\0926\1_5音频\cut_result1c5_20180525_math_3\cut_result1c5_20180525_math_3-121.wav,10.0,1210.0
happy-喜悦,D:\360安全浏览器下载\speech-emotion-recognition-master\speech-emotion-recognition-master\dataset\0926\1_5音频\cut_result1c5_20180525_math_3\cut_result1c5_20180525_math_3-122.wav,10.0,1220.0
happy-喜悦,D:\360安全浏览器下载\speech-emotion-recognition-master\speech-emotion-recognition-master\dataset\0926\1_5音频\cut_result1c5_20180525_math_3\cut_result1c5_20180525_math_3-123.wav,10.0,1230.0
happy-喜悦,D:\360安全浏览器下载\speech-emotion-recognition-master\speech-emotion-recognition-master\dataset\0926\1_5音频\cut_result1c5_20180525_math_3\cut_result1c5_20180525_math_3-124.wav,10.0,1240.0
angry-愤怒,D:\360安全浏览器下载\speech-emotion-recognition-master\speech-emotion-recognition-master\dataset\0926\1_5音频\cut_result1c5_20180525_math_3\cut_result1c5_20180525_math_3-125.wav,10.0,1250.0
happy-喜悦,D:\360安全浏览器下载\speech-emotion-recognition-master\speech-emotion-recognition-master\dataset\0926\1_5音频\cut_result1c5_20180525_math_3\cut_result1c5_20180525_math_3-126.wav,10.0,1260.0
happy-喜悦,D:\360安全浏览器下载\speech-emotion-recognition-master\speech-emotion-recognition-master\dataset\0926\1_5音频\cut_result1c5_20180525_math_3\cut_result1c5_20180525_math_3-127.wav,10.0,1270.0
happy-喜悦,D:\360安全浏览器下载\speech-emotion-recognition-master\speech-emotion-recognition-master\dataset\0926\1_5音频\cut_result1c5_20180525_math_3\cut_result1c5_20180525_math_3-128.wav,10.0,1280.0
Delate-删除的,D:\360安全浏览器下载\speech-emotion-recognition-master\speech-emotion-recognition-master\dataset\0926\1_5音频\cut_result1c5_20180525_math_3\cut_result1c5_20180525_math_3-129.wav,10.0,1290.0
happy-喜悦,D:\360安全浏览器下载\speech-emotion-recognition-master\speech-emotion-recognition-master\dataset\0926\1_5音频\cut_result1c5_20180525_math_3\cut_result1c5_20180525_math_3-130.wav,10.0,1300.0
Delate-删除的,D:\360安全浏览器下载\speech-emotion-recognition-master\speech-emotion-recognition-master\dataset\0926\1_5音频\cut_result1c5_20180525_math_3\cut_result1c5_20180525_math_3-131.wav,10.0,1310.0
disgust-厌恶蔑视,D:\360安全浏览器下载\speech-emotion-recognition-master\speech-emotion-recognition-master\dataset\0926\1_5音频\cut_result1c5_20180525_math_3\cut_result1c5_20180525_math_3-132.wav,10.0,1320.0
disgust-厌恶蔑视,D:\360安全浏览器下载\speech-emotion-recognition-master\speech-emotion-recognition-master\dataset\0926\1_5音频\cut_result1c5_20180525_math_3\cut_result1c5_20180525_math_3-133.wav,10.0,1330.0
happy-喜悦,D:\360安全浏览器下载\speech-emotion-recognition-master\speech-emotion-recognition-master\dataset\0926\1_5音频\cut_result1c5_20180525_math_3\cut_result1c5_20180525_math_3-134.wav,10.0,1340.0
happy-喜悦,D:\360安全浏览器下载\speech-emotion-recognition-master\speech-emotion-recognition-master\dataset\0926\1_5音频\cut_result1c5_20180525_math_3\cut_result1c5_20180525_math_3-135.wav,10.0,1350.0
happy-喜悦,D:\360安全浏览器下载\speech-emotion-recognition-master\speech-emotion-recognition-master\dataset\0926\1_5音频\cut_result1c5_20180525_math_3\cut_result1c5_20180525_math_3-136.wav,10.0,1360.0
happy-喜悦,D:\360安全浏览器下载\speech-emotion-recognition-master\speech-emotion-recognition-master\dataset\0926\1_5音频\cut_result1c5_20180525_math_3\cut_result1c5_20180525_math_3-137.wav,10.0,1370.0
happy-喜悦,D:\360安全浏览器下载\speech-emotion-recognition-master\speech-emotion-recognition-master\dataset\0926\1_5音频\cut_result1c5_20180525_math_3\cut_result1c5_20180525_math_3-138.wav,10.0,1380.0
happy-喜悦,D:\360安全浏览器下载\speech-emotion-recognition-master\speech-emotion-recognition-master\dataset\0926\1_5音频\cut_result1c5_20180525_math_3\cut_result1c5_20180525_math_3-139.wav,10.0,1390.0
happy-喜悦,D:\360安全浏览器下载\speech-emotion-recognition-master\speech-emotion-recognition-master\dataset\0926\1_5音频\cut_result1c5_20180525_math_3\cut_result1c5_20180525_math_3-140.wav,10.0,1400.0
happy-喜悦,D:\360安全浏览器下载\speech-emotion-recognition-master\speech-emotion-recognition-master\dataset\0926\1_5音频\cut_result1c5_20180525_math_3\cut_result1c5_20180525_math_3-141.wav,10.0,1410.0
Delate-删除的,D:\360安全浏览器下载\speech-emotion-recognition-master\speech-emotion-recognition-master\dataset\0926\1_5音频\cut_result1c5_20180525_math_3\cut_result1c5_20180525_math_3-142.wav,10.0,1420.0
happy-喜悦,D:\360安全浏览器下载\speech-emotion-recognition-master\speech-emotion-recognition-master\dataset\0926\1_5音频\cut_result1c5_20180525_math_3\cut_result1c5_20180525_math_3-143.wav,10.0,1430.0
happy-喜悦,D:\360安全浏览器下载\speech-emotion-recognition-master\speech-emotion-recognition-master\dataset\0926\1_5音频\cut_result1c5_20180525_math_3\cut_result1c5_20180525_math_3-144.wav,10.0,1440.0
disgust-厌恶蔑视,D:\360安全浏览器下载\speech-emotion-recognition-master\speech-emotion-recognition-master\dataset\0926\1_5音频\cut_result1c5_20180525_math_3\cut_result1c5_20180525_math_3-145.wav,10.0,1450.0
Delate-删除的,D:\360安全浏览器下载\speech-emotion-recognition-master\speech-emotion-recognition-master\dataset\0926\1_5音频\cut_result1c5_20180525_math_3\cut_result1c5_20180525_math_3-146.wav,10.0,1460.0
Delate-删除的,D:\360安全浏览器下载\speech-emotion-recognition-master\speech-emotion-recognition-master\dataset\0926\1_5音频\cut_result1c5_20180525_math_3\cut_result1c5_20180525_math_3-147.wav,10.0,1470.0
happy-喜悦,D:\360安全浏览器下载\speech-emotion-recognition-master\speech-emotion-recognition-master\dataset\0926\1_5音频\cut_result1c5_20180525_math_3\cut_result1c5_20180525_math_3-148.wav,10.0,1480.0
happy-喜悦,D:\360安全浏览器下载\speech-emotion-recognition-master\speech-emotion-recognition-master\dataset\0926\1_5音频\cut_result1c5_20180525_math_3\cut_result1c5_20180525_math_3-149.wav,10.0,1490.0
happy-喜悦,D:\360安全浏览器下载\speech-emotion-recognition-master\speech-emotion-recognition-master\dataset\0926\1_5音频\cut_result1c5_20180525_math_3\cut_result1c5_20180525_math_3-150.wav,10.0,1500.0
happy-喜悦,D:\360安全浏览器下载\speech-emotion-recognition-master\speech-emotion-recognition-master\dataset\0926\1_5音频\cut_result1c5_20180525_math_3\cut_result1c5_20180525_math_3-151.wav,10.0,1510.0
happy-喜悦,D:\360安全浏览器下载\speech-emotion-recognition-master\speech-emotion-recognition-master\dataset\0926\1_5音频\cut_result1c5_20180525_math_3\cut_result1c5_20180525_math_3-152.wav,10.0,1520.0
happy-喜悦,D:\360安全浏览器下载\speech-emotion-recognition-master\speech-emotion-recognition-master\dataset\0926\1_5音频\cut_result1c5_20180525_math_3\cut_result1c5_20180525_math_3-153.wav,10.0,1530.0
happy-喜悦,D:\360安全浏览器下载\speech-emotion-recognition-master\speech-emotion-recognition-master\dataset\0926\1_5音频\cut_result1c5_20180525_math_3\cut_result1c5_20180525_math_3-154.wav,10.0,1540.0
happy-喜悦,D:\360安全浏览器下载\speech-emotion-recognition-master\speech-emotion-recognition-master\dataset\0926\1_5音频\cut_result1c5_20180525_math_3\cut_result1c5_20180525_math_3-155.wav,10.0,1550.0
happy-喜悦,D:\360安全浏览器下载\speech-emotion-recognition-master\speech-emotion-recognition-master\dataset\0926\1_5音频\cut_result1c5_20180525_math_3\cut_result1c5_20180525_math_3-156.wav,10.0,1560.0
happy-喜悦,D:\360安全浏览器下载\speech-emotion-recognition-master\speech-emotion-recognition-master\dataset\0926\1_5音频\cut_result1c5_20180525_math_3\cut_result1c5_20180525_math_3-157.wav,10.0,1570.0
happy-喜悦,D:\360安全浏览器下载\speech-emotion-recognition-master\speech-emotion-recognition-master\dataset\0926\1_5音频\cut_result1c5_20180525_math_3\cut_result1c5_20180525_math_3-158.wav,10.0,1580.0
happy-喜悦,D:\360安全浏览器下载\speech-emotion-recognition-master\speech-emotion-recognition-master\dataset\0926\1_5音频\cut_result1c5_20180525_math_3\cut_result1c5_20180525_math_3-159.wav,10.0,1590.0
happy-喜悦,D:\360安全浏览器下载\speech-emotion-recognition-master\speech-emotion-recognition-master\dataset\0926\1_5音频\cut_result1c5_20180525_math_3\cut_result1c5_20180525_math_3-160.wav,10.0,1600.0
happy-喜悦,D:\360安全浏览器下载\speech-emotion-recognition-master\speech-emotion-recognition-master\dataset\0926\1_5音频\cut_result1c5_20180525_math_3\cut_result1c5_20180525_math_3-161.wav,10.0,1610.0
happy-喜悦,D:\360安全浏览器下载\speech-emotion-recognition-master\speech-emotion-recognition-master\dataset\0926\1_5音频\cut_result1c5_20180525_math_3\cut_result1c5_20180525_math_3-162.wav,10.0,1620.0
happy-喜悦,D:\360安全浏览器下载\speech-emotion-recognition-master\speech-emotion-recognition-master\dataset\0926\1_5音频\cut_result1c5_20180525_math_3\cut_result1c5_20180525_math_3-163.wav,10.0,1630.0
Delate-删除的,D:\360安全浏览器下载\speech-emotion-recognition-master\speech-emotion-recognition-master\dataset\0926\1_5音频\cut_result1c5_20180525_math_3\cut_result1c5_20180525_math_3-164.wav,10.0,1640.0
Delate-删除的,D:\360安全浏览器下载\speech-emotion-recognition-master\speech-emotion-recognition-master\dataset\0926\1_5音频\cut_result1c5_20180525_math_3\cut_result1c5_20180525_math_3-165.wav,10.0,1650.0
Delate-删除的,D:\360安全浏览器下载\speech-emotion-recognition-master\speech-emotion-recognition-master\dataset\0926\1_5音频\cut_result1c5_20180525_math_3\cut_result1c5_20180525_math_3-166.wav,10.0,1660.0
Delate-删除的,D:\360安全浏览器下载\speech-emotion-recognition-master\speech-emotion-recognition-master\dataset\0926\1_5音频\cut_result1c5_20180525_math_3\cut_result1c5_20180525_math_3-167.wav,10.0,1670.0
happy-喜悦,D:\360安全浏览器下载\speech-emotion-recognition-master\speech-emotion-recognition-master\dataset\0926\1_5音频\cut_result1c5_20180525_math_3\cut_result1c5_20180525_math_3-168.wav,10.0,1680.0
happy-喜悦,D:\360安全浏览器下载\speech-emotion-recognition-master\speech-emotion-recognition-master\dataset\0926\1_5音频\cut_result1c5_20180525_math_3\cut_result1c5_20180525_math_3-169.wav,10.0,1690.0
TS-师生互动,D:\360安全浏览器下载\speech-emotion-recognition-master\speech-emotion-recognition-master\dataset\0926\1_5音频\cut_result1c5_20180525_math_3\cut_result1c5_20180525_math_3-170.wav,10.0,1700.0
TS-师生互动,D:\360安全浏览器下载\speech-emotion-recognition-master\speech-emotion-recognition-master\dataset\0926\1_5音频\cut_result1c5_20180525_math_3\cut_result1c5_20180525_math_3-171.wav,10.0,1710.0
happy-喜悦,D:\360安全浏览器下载\speech-emotion-recognition-master\speech-emotion-recognition-master\dataset\0926\1_5音频\cut_result1c5_20180525_math_3\cut_result1c5_20180525_math_3-172.wav,10.0,1720.0
happy-喜悦,D:\360安全浏览器下载\speech-emotion-recognition-master\speech-emotion-recognition-master\dataset\0926\1_5音频\cut_result1c5_20180525_math_3\cut_result1c5_20180525_math_3-173.wav,10.0,1730.0
happy-喜悦,D:\360安全浏览器下载\speech-emotion-recognition-master\speech-emotion-recognition-master\dataset\0926\1_5音频\cut_result1c5_20180525_math_3\cut_result1c5_20180525_math_3-174.wav,10.0,1740.0
TS-师生互动,D:\360安全浏览器下载\speech-emotion-recognition-master\speech-emotion-recognition-master\dataset\0926\1_5音频\cut_result1c5_20180525_math_3\cut_result1c5_20180525_math_3-175.wav,10.0,1750.0
happy-喜悦,D:\360安全浏览器下载\speech-emotion-recognition-master\speech-emotion-recognition-master\dataset\0926\1_5音频\cut_result1c5_20180525_math_3\cut_result1c5_20180525_math_3-176.wav,10.0,1760.0
happy-喜悦,D:\360安全浏览器下载\speech-emotion-recognition-master\speech-emotion-recognition-master\dataset\0926\1_5音频\cut_result1c5_20180525_math_3\cut_result1c5_20180525_math_3-177.wav,10.0,1770.0
happy-喜悦,D:\360安全浏览器下载\speech-emotion-recognition-master\speech-emotion-recognition-master\dataset\0926\1_5音频\cut_result1c5_20180525_math_3\cut_result1c5_20180525_math_3-178.wav,10.0,1780.0
TS-师生互动,D:\360安全浏览器下载\speech-emotion-recognition-master\speech-emotion-recognition-master\dataset\0926\1_5音频\cut_result1c5_20180525_math_3\cut_result1c5_20180525_math_3-179.wav,10.0,1790.0
happy-喜悦,D:\360安全浏览器下载\speech-emotion-recognition-master\speech-emotion-recognition-master\dataset\0926\1_5音频\cut_result1c5_20180525_math_3\cut_result1c5_20180525_math_3-180.wav,10.0,1800.0
happy-喜悦,D:\360安全浏览器下载\speech-emotion-recognition-master\speech-emotion-recognition-master\dataset\0926\1_5音频\cut_result1c5_20180525_math_3\cut_result1c5_20180525_math_3-181.wav,10.0,1810.0
TS-师生互动,D:\360安全浏览器下载\speech-emotion-recognition-master\speech-emotion-recognition-master\dataset\0926\1_5音频\cut_result1c5_20180525_math_3\cut_result1c5_20180525_math_3-182.wav,10.0,1820.0
TS-师生互动,D:\360安全浏览器下载\speech-emotion-recognition-master\speech-emotion-recognition-master\dataset\0926\1_5音频\cut_result1c5_20180525_math_3\cut_result1c5_20180525_math_3-183.wav,10.0,1830.0
happy-喜悦,D:\360安全浏览器下载\speech-emotion-recognition-master\speech-emotion-recognition-master\dataset\0926\1_5音频\cut_result1c5_20180525_math_3\cut_result1c5_20180525_math_3-184.wav,10.0,1840.0
Delate-删除的,D:\360安全浏览器下载\speech-emotion-recognition-master\speech-emotion-recognition-master\dataset\0926\1_5音频\cut_result1c5_20180525_math_3\cut_result1c5_20180525_math_3-185.wav,10.0,1850.0
Delate-删除的,D:\360安全浏览器下载\speech-emotion-recognition-master\speech-emotion-recognition-master\dataset\0926\1_5音频\cut_result1c5_20180525_math_3\cut_result1c5_20180525_math_3-186.wav,10.0,1860.0
happy-喜悦,D:\360安全浏览器下载\speech-emotion-recognition-master\speech-emotion-recognition-master\dataset\0926\1_5音频\cut_result1c5_20180525_math_3\cut_result1c5_20180525_math_3-187.wav,10.0,1870.0
TS-师生互动,D:\360安全浏览器下载\speech-emotion-recognition-master\speech-emotion-recognition-master\dataset\0926\1_5音频\cut_result1c5_20180525_math_3\cut_result1c5_20180525_math_3-188.wav,10.0,1880.0
happy-喜悦,D:\360安全浏览器下载\speech-emotion-recognition-master\speech-emotion-recognition-master\dataset\0926\1_5音频\cut_result1c5_20180525_math_3\cut_result1c5_20180525_math_3-189.wav,10.0,1890.0
happy-喜悦,D:\360安全浏览器下载\speech-emotion-recognition-master\speech-emotion-recognition-master\dataset\0926\1_5音频\cut_result1c5_20180525_math_3\cut_result1c5_20180525_math_3-190.wav,10.0,1900.0
happy-喜悦,D:\360安全浏览器下载\speech-emotion-recognition-master\speech-emotion-recognition-master\dataset\0926\1_5音频\cut_result1c5_20180525_math_3\cut_result1c5_20180525_math_3-191.wav,10.0,1910.0
happy-喜悦,D:\360安全浏览器下载\speech-emotion-recognition-master\speech-emotion-recognition-master\dataset\0926\1_5音频\cut_result1c5_20180525_math_3\cut_result1c5_20180525_math_3-192.wav,10.0,1920.0
happy-喜悦,D:\360安全浏览器下载\speech-emotion-recognition-master\speech-emotion-recognition-master\dataset\0926\1_5音频\cut_result1c5_20180525_math_3\cut_result1c5_20180525_math_3-193.wav,10.0,1930.0
happy-喜悦,D:\360安全浏览器下载\speech-emotion-recognition-master\speech-emotion-recognition-master\dataset\0926\1_5音频\cut_result1c5_20180525_math_3\cut_result1c5_20180525_math_3-194.wav,10.0,1940.0
happy-喜悦,D:\360安全浏览器下载\speech-emotion-recognition-master\speech-emotion-recognition-master\dataset\0926\1_5音频\cut_result1c5_20180525_math_3\cut_result1c5_20180525_math_3-195.wav,10.0,1950.0
happy-喜悦,D:\360安全浏览器下载\speech-emotion-recognition-master\speech-emotion-recognition-master\dataset\0926\1_5音频\cut_result1c5_20180525_math_3\cut_result1c5_20180525_math_3-196.wav,10.0,1960.0
happy-喜悦,D:\360安全浏览器下载\speech-emotion-recognition-master\speech-emotion-recognition-master\dataset\0926\1_5音频\cut_result1c5_20180525_math_3\cut_result1c5_20180525_math_3-197.wav,10.0,1970.0
happy-喜悦,D:\360安全浏览器下载\speech-emotion-recognition-master\speech-emotion-recognition-master\dataset\0926\1_5音频\cut_result1c5_20180525_math_3\cut_result1c5_20180525_math_3-198.wav,10.0,1980.0
happy-喜悦,D:\360安全浏览器下载\speech-emotion-recognition-master\speech-emotion-recognition-master\dataset\0926\1_5音频\cut_result1c5_20180525_math_3\cut_result1c5_20180525_math_3-199.wav,10.0,1990.0
TS-师生互动,D:\360安全浏览器下载\speech-emotion-recognition-master\speech-emotion-recognition-master\dataset\0926\1_5音频\cut_result1c5_20180525_math_3\cut_result1c5_20180525_math_3-200.wav,10.0,2000.0
surprised-惊讶,D:\360安全浏览器下载\speech-emotion-recognition-master\speech-emotion-recognition-master\dataset\0926\1_5音频\cut_result1c5_20180525_math_3\cut_result1c5_20180525_math_3-201.wav,10.0,2010.0
surprised-惊讶,D:\360安全浏览器下载\speech-emotion-recognition-master\speech-emotion-recognition-master\dataset\0926\1_5音频\cut_result1c5_20180525_math_3\cut_result1c5_20180525_math_3-202.wav,10.0,2020.0
happy-喜悦,D:\360安全浏览器下载\speech-emotion-recognition-master\speech-emotion-recognition-master\dataset\0926\1_5音频\cut_result1c5_20180525_math_3\cut_result1c5_20180525_math_3-203.wav,10.0,2030.0
surprised-惊讶,D:\360安全浏览器下载\speech-emotion-recognition-master\speech-emotion-recognition-master\dataset\0926\1_5音频\cut_result1c5_20180525_math_3\cut_result1c5_20180525_math_3-204.wav,10.0,2040.0
happy-喜悦,D:\360安全浏览器下载\speech-emotion-recognition-master\speech-emotion-recognition-master\dataset\0926\1_5音频\cut_result1c5_20180525_math_3\cut_result1c5_20180525_math_3-205.wav,10.0,2050.0
happy-喜悦,D:\360安全浏览器下载\speech-emotion-recognition-master\speech-emotion-recognition-master\dataset\0926\1_5音频\cut_result1c5_20180525_math_3\cut_result1c5_20180525_math_3-206.wav,10.0,2060.0
happy-喜悦,D:\360安全浏览器下载\speech-emotion-recognition-master\speech-emotion-recognition-master\dataset\0926\1_5音频\cut_result1c5_20180525_math_3\cut_result1c5_20180525_math_3-207.wav,10.0,2070.0
happy-喜悦,D:\360安全浏览器下载\speech-emotion-recognition-master\speech-emotion-recognition-master\dataset\0926\1_5音频\cut_result1c5_20180525_math_3\cut_result1c5_20180525_math_3-208.wav,10.0,2080.0
happy-喜悦,D:\360安全浏览器下载\speech-emotion-recognition-master\speech-emotion-recognition-master\dataset\0926\1_5音频\cut_result1c5_20180525_math_3\cut_result1c5_20180525_math_3-209.wav,10.0,2090.0
happy-喜悦,D:\360安全浏览器下载\speech-emotion-recognition-master\speech-emotion-recognition-master\dataset\0926\1_5音频\cut_result1c5_20180525_math_3\cut_result1c5_20180525_math_3-210.wav,10.0,2100.0
happy-喜悦,D:\360安全浏览器下载\speech-emotion-recognition-master\speech-emotion-recognition-master\dataset\0926\1_5音频\cut_result1c5_20180525_math_3\cut_result1c5_20180525_math_3-211.wav,10.0,2110.0
angry-愤怒,D:\360安全浏览器下载\speech-emotion-recognition-master\speech-emotion-recognition-master\dataset\0926\1_5音频\cut_result1c5_20180525_math_3\cut_result1c5_20180525_math_3-212.wav,10.0,2120.0
happy-喜悦,D:\360安全浏览器下载\speech-emotion-recognition-master\speech-emotion-recognition-master\dataset\0926\1_5音频\cut_result1c5_20180525_math_3\cut_result1c5_20180525_math_3-213.wav,10.0,2130.0
happy-喜悦,D:\360安全浏览器下载\speech-emotion-recognition-master\speech-emotion-recognition-master\dataset\0926\1_5音频\cut_result1c5_20180525_math_3\cut_result1c5_20180525_math_3-214.wav,10.0,2140.0
happy-喜悦,D:\360安全浏览器下载\speech-emotion-recognition-master\speech-emotion-recognition-master\dataset\0926\1_5音频\cut_result1c5_20180525_math_3\cut_result1c5_20180525_math_3-215.wav,10.0,2150.0
happy-喜悦,D:\360安全浏览器下载\speech-emotion-recognition-master\speech-emotion-recognition-master\dataset\0926\1_5音频\cut_result1c5_20180525_math_3\cut_result1c5_20180525_math_3-216.wav,10.0,2160.0
TS-师生互动,D:\360安全浏览器下载\speech-emotion-recognition-master\speech-emotion-recognition-master\dataset\0926\1_5音频\cut_result1c5_20180525_math_3\cut_result1c5_20180525_math_3-217.wav,10.0,2170.0
happy-喜悦,D:\360安全浏览器下载\speech-emotion-recognition-master\speech-emotion-recognition-master\dataset\0926\1_5音频\cut_result1c5_20180525_math_3\cut_result1c5_20180525_math_3-218.wav,10.0,2180.0
happy-喜悦,D:\360安全浏览器下载\speech-emotion-recognition-master\speech-emotion-recognition-master\dataset\0926\1_5音频\cut_result1c5_20180525_math_3\cut_result1c5_20180525_math_3-219.wav,10.0,2190.0
happy-喜悦,D:\360安全浏览器下载\speech-emotion-recognition-master\speech-emotion-recognition-master\dataset\0926\1_5音频\cut_result1c5_20180525_math_3\cut_result1c5_20180525_math_3-220.wav,10.0,2200.0
happy-喜悦,D:\360安全浏览器下载\speech-emotion-recognition-master\speech-emotion-recognition-master\dataset\0926\1_5音频\cut_result1c5_20180525_math_3\cut_result1c5_20180525_math_3-221.wav,10.0,2210.0
happy-喜悦,D:\360安全浏览器下载\speech-emotion-recognition-master\speech-emotion-recognition-master\dataset\0926\1_5音频\cut_result1c5_20180525_math_3\cut_result1c5_20180525_math_3-222.wav,10.0,2220.0
happy-喜悦,D:\360安全浏览器下载\speech-emotion-recognition-master\speech-emotion-recognition-master\dataset\0926\1_5音频\cut_result1c5_20180525_math_3\cut_result1c5_20180525_math_3-223.wav,10.0,2230.0
angry-愤怒,D:\360安全浏览器下载\speech-emotion-recognition-master\speech-emotion-recognition-master\dataset\0926\1_5音频\cut_result1c5_20180525_math_3\cut_result1c5_20180525_math_3-224.wav,10.0,2240.0
happy-喜悦,D:\360安全浏览器下载\speech-emotion-recognition-master\speech-emotion-recognition-master\dataset\0926\1_5音频\cut_result1c5_20180525_math_3\cut_result1c5_20180525_math_3-225.wav,10.0,2250.0
happy-喜悦,D:\360安全浏览器下载\speech-emotion-recognition-master\speech-emotion-recognition-master\dataset\0926\1_5音频\cut_result1c5_20180525_math_3\cut_result1c5_20180525_math_3-226.wav,10.0,2260.0
happy-喜悦,D:\360安全浏览器下载\speech-emotion-recognition-master\speech-emotion-recognition-master\dataset\0926\1_5音频\cut_result1c5_20180525_math_3\cut_result1c5_20180525_math_3-227.wav,10.0,2270.0
happy-喜悦,D:\360安全浏览器下载\speech-emotion-recognition-master\speech-emotion-recognition-master\dataset\0926\1_5音频\cut_result1c5_20180525_math_3\cut_result1c5_20180525_math_3-228.wav,10.0,2280.0
happy-喜悦,D:\360安全浏览器下载\speech-emotion-recognition-master\speech-emotion-recognition-master\dataset\0926\1_5音频\cut_result1c5_20180525_math_3\cut_result1c5_20180525_math_3-229.wav,10.0,2290.0
disgust-厌恶蔑视,D:\360安全浏览器下载\speech-emotion-recognition-master\speech-emotion-recognition-master\dataset\0926\1_5音频\cut_result1c5_20180525_math_3\cut_result1c5_20180525_math_3-230.wav,10.0,2300.0
happy-喜悦,D:\360安全浏览器下载\speech-emotion-recognition-master\speech-emotion-recognition-master\dataset\0926\1_5音频\cut_result1c5_20180525_math_3\cut_result1c5_20180525_math_3-231.wav,10.0,2310.0
happy-喜悦,D:\360安全浏览器下载\speech-emotion-recognition-master\speech-emotion-recognition-master\dataset\0926\1_5音频\cut_result1c5_20180525_math_3\cut_result1c5_20180525_math_3-232.wav,10.0,2320.0
happy-喜悦,D:\360安全浏览器下载\speech-emotion-recognition-master\speech-emotion-recognition-master\dataset\0926\1_5音频\cut_result1c5_20180525_math_3\cut_result1c5_20180525_math_3-233.wav,10.0,2330.0
happy-喜悦,D:\360安全浏览器下载\speech-emotion-recognition-master\speech-emotion-recognition-master\dataset\0926\1_5音频\cut_result1c5_20180525_math_3\cut_result1c5_20180525_math_3-234.wav,10.0,2340.0
happy-喜悦,D:\360安全浏览器下载\speech-emotion-recognition-master\speech-emotion-recognition-master\dataset\0926\1_5音频\cut_result1c5_20180525_math_3\cut_result1c5_20180525_math_3-235.wav,10.0,2350.0
happy-喜悦,D:\360安全浏览器下载\speech-emotion-recognition-master\speech-emotion-recognition-master\dataset\0926\1_5音频\cut_result1c5_20180525_math_3\cut_result1c5_20180525_math_3-236.wav,10.0,2360.0
happy-喜悦,D:\360安全浏览器下载\speech-emotion-recognition-master\speech-emotion-recognition-master\dataset\0926\1_5音频\cut_result1c5_20180525_math_3\cut_result1c5_20180525_math_3-237.wav,10.0,2370.0
disgust-厌恶蔑视,D:\360安全浏览器下载\speech-emotion-recognition-master\speech-emotion-recognition-master\dataset\0926\1_5音频\cut_result1c5_20180525_math_3\cut_result1c5_20180525_math_3-238.wav,10.0,2380.0
happy-喜悦,D:\360安全浏览器下载\speech-emotion-recognition-master\speech-emotion-recognition-master\dataset\0926\1_5音频\cut_result1c5_20180525_math_3\cut_result1c5_20180525_math_3-239.wav,10.0,2390.0
happy-喜悦,D:\360安全浏览器下载\speech-emotion-recognition-master\speech-emotion-recognition-master\dataset\0926\1_5音频\cut_result1c5_20180525_math_3\cut_result1c5_20180525_math_3-240.wav,10.0,2400.0
happy-喜悦,D:\360安全浏览器下载\speech-emotion-recognition-master\speech-emotion-recognition-master\dataset\0926\1_5音频\cut_result1c5_20180525_math_3\cut_result1c5_20180525_math_3-241.wav,10.0,2410.0
happy-喜悦,D:\360安全浏览器下载\speech-emotion-recognition-master\speech-emotion-recognition-master\dataset\0926\1_5音频\cut_result1c5_20180525_math_3\cut_result1c5_20180525_math_3-242.wav,10.0,2420.0
happy-喜悦,D:\360安全浏览器下载\speech-emotion-recognition-master\speech-emotion-recognition-master\dataset\0926\1_5音频\cut_result1c5_20180525_math_3\cut_result1c5_20180525_math_3-243.wav,10.0,2430.0
happy-喜悦,D:\360安全浏览器下载\speech-emotion-recognition-master\speech-emotion-recognition-master\dataset\0926\1_5音频\cut_result1c5_20180525_math_3\cut_result1c5_20180525_math_3-244.wav,10.0,2440.0
happy-喜悦,D:\360安全浏览器下载\speech-emotion-recognition-master\speech-emotion-recognition-master\dataset\0926\1_5音频\cut_result1c5_20180525_math_3\cut_result1c5_20180525_math_3-245.wav,10.0,2450.0
TS-师生互动,D:\360安全浏览器下载\speech-emotion-recognition-master\speech-emotion-recognition-master\dataset\0926\1_5音频\cut_result1c5_20180525_math_3\cut_result1c5_20180525_math_3-246.wav,10.0,2460.0
fear-恐惧担忧,D:\360安全浏览器下载\speech-emotion-recognition-master\speech-emotion-recognition-master\dataset\0926\1_5音频\cut_result1c5_20180525_math_3\cut_result1c5_20180525_math_3-247.wav,10.0,2470.0
happy-喜悦,D:\360安全浏览器下载\speech-emotion-recognition-master\speech-emotion-recognition-master\dataset\0926\1_5音频\cut_result1c5_20180525_math_3\cut_result1c5_20180525_math_3-248.wav,10.0,2480.0
TS-师生互动,D:\360安全浏览器下载\speech-emotion-recognition-master\speech-emotion-recognition-master\dataset\0926\1_5音频\cut_result1c5_20180525_math_3\cut_result1c5_20180525_math_3-249.wav,10.0,2490.0
Delate-删除的,D:\360安全浏览器下载\speech-emotion-recognition-master\speech-emotion-recognition-master\dataset\0926\1_5音频\cut_result1c5_20180525_math_3\cut_result1c5_20180525_math_3-250.wav,10.0,2500.0
happy-喜悦,D:\360安全浏览器下载\speech-emotion-recognition-master\speech-emotion-recognition-master\dataset\0926\1_5音频\cut_result1c5_20180525_math_3\cut_result1c5_20180525_math_3-251.wav,10.0,2510.0
angry-愤怒,D:\360安全浏览器下载\speech-emotion-recognition-master\speech-emotion-recognition-master\dataset\0926\1_5音频\cut_result1c5_20180525_math_3\cut_result1c5_20180525_math_3-252.wav,10.0,2520.0
TS-师生互动,D:\360安全浏览器下载\speech-emotion-recognition-master\speech-emotion-recognition-master\dataset\0926\1_5音频\cut_result1c5_20180525_math_3\cut_result1c5_20180525_math_3-253.wav,10.0,2530.0
TS-师生互动,D:\360安全浏览器下载\speech-emotion-recognition-master\speech-emotion-recognition-master\dataset\0926\1_5音频\cut_result1c5_20180525_math_3\cut_result1c5_20180525_math_3-254.wav,10.0,2540.0
TS-师生互动,D:\360安全浏览器下载\speech-emotion-recognition-master\speech-emotion-recognition-master\dataset\0926\1_5音频\cut_result1c5_20180525_math_3\cut_result1c5_20180525_math_3-255.wav,10.0,2550.0
happy-喜悦,D:\360安全浏览器下载\speech-emotion-recognition-master\speech-emotion-recognition-master\dataset\0926\1_5音频\cut_result1c5_20180525_math_3\cut_result1c5_20180525_math_3-256.wav,10.0,2560.0
happy-喜悦,D:\360安全浏览器下载\speech-emotion-recognition-master\speech-emotion-recognition-master\dataset\0926\1_5音频\cut_result1c5_20180525_math_3\cut_result1c5_20180525_math_3-257.wav,10.0,2570.0
Delate-删除的,D:\360安全浏览器下载\speech-emotion-recognition-master\speech-emotion-recognition-master\dataset\0926\1_5音频\cut_result1c5_20180525_math_3\cut_result1c5_20180525_math_3-258.wav,10.0,2580.0
Delate-删除的,D:\360安全浏览器下载\speech-emotion-recognition-master\speech-emotion-recognition-master\dataset\0926\1_5音频\cut_result1c5_20180525_math_3\cut_result1c5_20180525_math_3-259.wav,10.0,2590.0
disgust-厌恶蔑视,D:\360安全浏览器下载\speech-emotion-recognition-master\speech-emotion-recognition-master\dataset\0926\1_5音频\cut_result1c5_20180525_math_3\cut_result1c5_20180525_math_3-260.wav,10.0,2600.0
happy-喜悦,D:\360安全浏览器下载\speech-emotion-recognition-master\speech-emotion-recognition-master\dataset\0926\1_5音频\cut_result1c5_20180525_math_3\cut_result1c5_20180525_math_3-261.wav,10.0,2610.0
Delate-删除的,D:\360安全浏览器下载\speech-emotion-recognition-master\speech-emotion-recognition-master\dataset\0926\1_5音频\cut_result1c5_20180525_math_3\cut_result1c5_20180525_math_3-262.wav,10.0,2620.0
Delate-删除的,D:\360安全浏览器下载\speech-emotion-recognition-master\speech-emotion-recognition-master\dataset\0926\1_5音频\cut_result1c5_20180525_math_3\cut_result1c5_20180525_math_3-263.wav,10.0,2630.0
TS-师生互动,D:\360安全浏览器下载\speech-emotion-recognition-master\speech-emotion-recognition-master\dataset\0926\1_5音频\cut_result1c5_20180525_math_3\cut_result1c5_20180525_math_3-264.wav,10.0,2640.0
Delate-删除的,D:\360安全浏览器下载\speech-emotion-recognition-master\speech-emotion-recognition-master\dataset\0926\1_5音频\cut_result1c5_20180525_math_3\cut_result1c5_20180525_math_3-265.wav,10.0,2650.0
Delate-删除的,D:\360安全浏览器下载\speech-emotion-recognition-master\speech-emotion-recognition-master\dataset\0926\1_5音频\cut_result1c5_20180525_math_3\cut_result1c5_20180525_math_3-266.wav,10.0,2660.0
fear-恐惧担忧,D:\360安全浏览器下载\speech-emotion-recognition-master\speech-emotion-recognition-master\dataset\0926\1_5音频\cut_result1c5_20180525_math_3\cut_result1c5_20180525_math_3-267.wav,10.0,2670.0
Delate-删除的,D:\360安全浏览器下载\speech-emotion-recognition-master\speech-emotion-recognition-master\dataset\0926\1_5音频\cut_result1c5_20180525_math_3\cut_result1c5_20180525_math_3-268.wav,10.0,2680.0
surprised-惊讶,D:\360安全浏览器下载\speech-emotion-recognition-master\speech-emotion-recognition-master\dataset\0926\1_5音频\cut_result1c5_20180525_math_3\cut_result1c5_20180525_math_3-269.wav,10.0,2690.0
fear-恐惧担忧,D:\360安全浏览器下载\speech-emotion-recognition-master\speech-emotion-recognition-master\dataset\0926\1_5音频\cut_result1c5_20180525_math_3\cut_result1c5_20180525_math_3-270.wav,10.0,2700.0
Delate-删除的,D:\360安全浏览器下载\speech-emotion-recognition-master\speech-emotion-recognition-master\dataset\0926\1_5音频\cut_result1c5_20180525_math_3\cut_result1c5_20180525_math_3-271.wav,10.0,2710.0
